[
{
  "model": "corecode.studentclass",
  "pk": 1,
  "fields": {
    "name": "JSS 1",
    "college": 1
  }
},
{
  "model": "corecode.studentclass",
  "pk": 2,
  "fields": {
    "name": "JSS 2",
    "college": 1
  }
},
{
  "model": "corecode.subject",
  "pk": 1,
  "fields": {
    "name": "Mathematics",
    "description": null,
    "code": null,
    "department": null,
    "is_active": true,
    "created_at": "2025-05-26T11:15:47.766Z",
    "updated_at": "2025-05-26T11:15:47.779Z",
    "college": 1
  }
},
{
  "model": "corecode.subject",
  "pk": 2,
  "fields": {
    "name": "English",
    "description": null,
    "code": null,
    "department": null,
    "is_active": true,
    "created_at": "2025-05-26T11:15:47.766Z",
    "updated_at": "2025-05-26T11:15:47.779Z",
    "college": 1
  }
}
]
