[
{
  "model": "fees.pendingfee",
  "pk": 1,
  "fields": {
    "student": 1,
    "fee_type": "fee",
    "amount": "100.00",
    "due_date": "2025-05-31",
    "late_fee": "10.00",
    "discount": "0.00",
    "created_at": "2025-05-26T15:54:48.575Z",
    "updated_at": "2025-05-26T15:54:48.575Z",
    "paid": false,
    "college": null
  }
},
{
  "model": "fees.feepayment",
  "pk": 1,
  "fields": {
    "student": 1,
    "amount": "10.00",
    "payment_method": "Cash",
    "transaction_id": "",
    "date": "2025-05-26T15:55:19.229Z",
    "status": "Paid",
    "fee_category": "Regular",
    "college": 1
  }
}
]
