[
{
  "model": "students.student",
  "pk": 1,
  "fields": {
    "college": 1,
    "current_status": "active",
    "registration_number": "25JSS 1A001",
    "fullname": "demo latest",
    "gender": "male",
    "category": "Gen",
    "aadhar": "123456789009",
    "date_of_birth": "2025-05-26",
    "current_class": 1,
    "section": "",
    "date_of_admission": "2025-05-26",
    "mobile_number": "01335665865",
    "email_id": "amanktyrrr@gmail.com",
    "Father_name": "Vinay",
    "Father_mobile_number": "01335665865",
    "Father_aadhar": "002345989797",
    "Mother_name": "Sarita",
    "address": "GRP",
    "others": "",
    "passport": ""
  }
},
{
  "model": "students.studentdocument",
  "pk": 1,
  "fields": {
    "student": 1,
    "aadhar_card": "",
    "aadhar_card_number": "",
    "birth_certificate": "",
    "birth_certificate_number": "",
    "address_proof": "",
    "address_proof_number": "",
    "parent_photo": "",
    "parent_photo_number": "",
    "parent_id_proof": "",
    "parent_id_proof_number": "",
    "previous_marksheet": "",
    "previous_marksheet_number": "",
    "transfer_certificate": "",
    "transfer_certificate_number": "",
    "character_certificate": "",
    "character_certificate_number": "",
    "caste_certificate": "",
    "caste_certificate_number": "",
    "medical_certificate": "",
    "medical_certificate_number": "",
    "other_document": "",
    "other_document_number": "",
    "date_uploaded": "2025-05-26T15:51:29.147Z",
    "last_updated": "2025-05-26T15:51:36.225Z"
  }
}
]
